"feature_index_id","feature_name","feature_desc","data_source_uuid","attr_spec"
157,E_LIMENG,"Persons (age 5+) who speak English ""less than well"" estimate, 2014-2018 ACS",9999,"{""geom_join_column"":{""type"":""select"",""value"":""FIPS""},""attr_start_date"":{""type"":""code"",""value"":""as.Date('2018-01-01')""},""attr_end_date"":{""type"":""code"",""value"":""as.Date('2018-12-31')""},""value_as_number"":{""type"":""select"",""value"":""E_LIMENG""},""attr_source_value"":{""type"":""hardcode"",""value"":""E_LIMENG""},""value_source_value"":{""type"":""select"",""value"":""E_LIMENG""}}"
158,M_LIMENG,"Persons (age 5+) who speak English ""less than well"" estimate MOE, 2014-2018 ACS",9999,"{""geom_join_column"":{""type"":""select"",""value"":""FIPS""},""attr_start_date"":{""type"":""code"",""value"":""as.Date('2018-01-01')""},""attr_end_date"":{""type"":""code"",""value"":""as.Date('2018-12-31')""},""value_as_number"":{""type"":""select"",""value"":""M_LIMENG""},""attr_source_value"":{""type"":""hardcode"",""value"":""M_LIMENG""},""value_source_value"":{""type"":""select"",""value"":""M_LIMENG""}}"
159,E_MUNIT,"Housing in structures with 10 or more units estimate, 2014-2018 ACS",9999,"{""geom_join_column"":{""type"":""select"",""value"":""FIPS""},""attr_start_date"":{""type"":""code"",""value"":""as.Date('2018-01-01')""},""attr_end_date"":{""type"":""code"",""value"":""as.Date('2018-12-31')""},""value_as_number"":{""type"":""select"",""value"":""E_MUNIT""},""attr_source_value"":{""type"":""hardcode"",""value"":""E_MUNIT""},""value_source_value"":{""type"":""select"",""value"":""E_MUNIT""}}"
160,M_MUNIT,"Housing in structures with 10 or more units estimate MOE, 2014- 2018 ACS",9999,"{""geom_join_column"":{""type"":""select"",""value"":""FIPS""},""attr_start_date"":{""type"":""code"",""value"":""as.Date('2018-01-01')""},""attr_end_date"":{""type"":""code"",""value"":""as.Date('2018-12-31')""},""value_as_number"":{""type"":""select"",""value"":""M_MUNIT""},""attr_source_value"":{""type"":""hardcode"",""value"":""M_MUNIT""},""value_source_value"":{""type"":""select"",""value"":""M_MUNIT""}}"
161,E_MOBILE,"Mobile homes estimate, 2014-2018 ACS",9999,"{""geom_join_column"":{""type"":""select"",""value"":""FIPS""},""attr_start_date"":{""type"":""code"",""value"":""as.Date('2018-01-01')""},""attr_end_date"":{""type"":""code"",""value"":""as.Date('2018-12-31')""},""value_as_number"":{""type"":""select"",""value"":""E_MOBILE""},""attr_source_value"":{""type"":""hardcode"",""value"":""E_MOBILE""},""value_source_value"":{""type"":""select"",""value"":""E_MOBILE""}}"
162,M_MOBILE,"Mobile homes estimate MOE, 2014-2018 ACS",9999,"{""geom_join_column"":{""type"":""select"",""value"":""FIPS""},""attr_start_date"":{""type"":""code"",""value"":""as.Date('2018-01-01')""},""attr_end_date"":{""type"":""code"",""value"":""as.Date('2018-12-31')""},""value_as_number"":{""type"":""select"",""value"":""M_MOBILE""},""attr_source_value"":{""type"":""hardcode"",""value"":""M_MOBILE""},""value_source_value"":{""type"":""select"",""value"":""M_MOBILE""}}"
168,M_GROUPQ,"Persons in group quarters estimate MOE, 2014-2018 ACS",9999,"{""geom_join_column"":{""type"":""select"",""value"":""FIPS""},""attr_start_date"":{""type"":""code"",""value"":""as.Date('2018-01-01')""},""attr_end_date"":{""type"":""code"",""value"":""as.Date('2018-12-31')""},""value_as_number"":{""type"":""select"",""value"":""M_GROUPQ""},""attr_source_value"":{""type"":""hardcode"",""value"":""M_GROUPQ""},""value_source_value"":{""type"":""select"",""value"":""M_GROUPQ""}}"
169,EP_POV,Percentage of persons below poverty estimate,9999,"{""geom_join_column"":{""type"":""select"",""value"":""FIPS""},""attr_start_date"":{""type"":""code"",""value"":""as.Date('2018-01-01')""},""attr_end_date"":{""type"":""code"",""value"":""as.Date('2018-12-31')""},""value_as_number"":{""type"":""select"",""value"":""EP_POV""},""attr_source_value"":{""type"":""hardcode"",""value"":""EP_POV""},""value_source_value"":{""type"":""select"",""value"":""EP_POV""}}"
170,MP_POV,Percentage of persons below poverty estimate MOE,9999,"{""geom_join_column"":{""type"":""select"",""value"":""FIPS""},""attr_start_date"":{""type"":""code"",""value"":""as.Date('2018-01-01')""},""attr_end_date"":{""type"":""code"",""value"":""as.Date('2018-12-31')""},""value_as_number"":{""type"":""select"",""value"":""MP_POV""},""attr_source_value"":{""type"":""hardcode"",""value"":""MP_POV""},""value_source_value"":{""type"":""select"",""value"":""MP_POV""}}"
148,M_AGE65,"Persons aged 65 and older estimate MOE, 2014-2018 ACS",9999,"{""geom_join_column"":{""type"":""select"",""value"":""FIPS""},""attr_start_date"":{""type"":""code"",""value"":""as.Date('2018-01-01')""},""attr_end_date"":{""type"":""code"",""value"":""as.Date('2018-12-31')""},""value_as_number"":{""type"":""select"",""value"":""M_AGE65""},""attr_source_value"":{""type"":""hardcode"",""value"":""M_AGE65""},""value_source_value"":{""type"":""select"",""value"":""M_AGE65""}}"
155,E_MINRTY,"Minority (all persons except white, non- Hispanic) estimate, 2014-2018 ACS",9999,"{""geom_join_column"":{""type"":""select"",""value"":""FIPS""},""attr_start_date"":{""type"":""code"",""value"":""as.Date('2018-01-01')""},""attr_end_date"":{""type"":""code"",""value"":""as.Date('2018-12-31')""},""value_as_number"":{""type"":""select"",""value"":""E_MINRTY""},""attr_source_value"":{""type"":""hardcode"",""value"":""E_MINRTY""},""value_source_value"":{""type"":""select"",""value"":""E_MINRTY""}}"
156,M_MINRTY,"Minority (all persons except white, non- Hispanic) estimate MOE, 2014-2018 ACS",9999,"{""geom_join_column"":{""type"":""select"",""value"":""FIPS""},""attr_start_date"":{""type"":""code"",""value"":""as.Date('2018-01-01')""},""attr_end_date"":{""type"":""code"",""value"":""as.Date('2018-12-31')""},""value_as_number"":{""type"":""select"",""value"":""M_MINRTY""},""attr_source_value"":{""type"":""hardcode"",""value"":""M_MINRTY""},""value_source_value"":{""type"":""select"",""value"":""M_MINRTY""}}"
135,E_HU,"Housing units estimate, 2014-2018 ACS",9999,"{""geom_join_column"":{""type"":""select"",""value"":""FIPS""},""attr_start_date"":{""type"":""code"",""value"":""as.Date('2018-01-01')""},""attr_end_date"":{""type"":""code"",""value"":""as.Date('2018-12-31')""},""value_as_number"":{""type"":""select"",""value"":""E_HU""},""attr_source_value"":{""type"":""hardcode"",""value"":""E_HU""},""value_source_value"":{""type"":""select"",""value"":""E_HU""}}"
136,M_HU,"Housing units estimate MOE, 2014-2018 ACS",9999,"{""geom_join_column"":{""type"":""select"",""value"":""FIPS""},""attr_start_date"":{""type"":""code"",""value"":""as.Date('2018-01-01')""},""attr_end_date"":{""type"":""code"",""value"":""as.Date('2018-12-31')""},""value_as_number"":{""type"":""select"",""value"":""M_HU""},""attr_source_value"":{""type"":""hardcode"",""value"":""M_HU""},""value_source_value"":{""type"":""select"",""value"":""M_HU""}}"
137,E_HH,"Households estimate, 2014-2018 ACS",9999,"{""geom_join_column"":{""type"":""select"",""value"":""FIPS""},""attr_start_date"":{""type"":""code"",""value"":""as.Date('2018-01-01')""},""attr_end_date"":{""type"":""code"",""value"":""as.Date('2018-12-31')""},""value_as_number"":{""type"":""select"",""value"":""E_HH""},""attr_source_value"":{""type"":""hardcode"",""value"":""E_HH""},""value_source_value"":{""type"":""select"",""value"":""E_HH""}}"
133,E_TOTPOP,"Population estimate, 2014-2018 ACS",9999,"{""geom_join_column"":{""type"":""select"",""value"":""FIPS""},""attr_start_date"":{""type"":""code"",""value"":""as.Date('2018-01-01')""},""attr_end_date"":{""type"":""code"",""value"":""as.Date('2018-12-31')""},""value_as_number"":{""type"":""select"",""value"":""E_TOTPOP""},""attr_source_value"":{""type"":""hardcode"",""value"":""E_TOTPOP""},""value_source_value"":{""type"":""select"",""value"":""E_TOTPOP""}}"
134,M_TOTPOP,"Population estimate MOE, 2014-2018 ACS",9999,"{""geom_join_column"":{""type"":""select"",""value"":""FIPS""},""attr_start_date"":{""type"":""code"",""value"":""as.Date('2018-01-01')""},""attr_end_date"":{""type"":""code"",""value"":""as.Date('2018-12-31')""},""value_as_number"":{""type"":""select"",""value"":""M_TOTPOP""},""attr_source_value"":{""type"":""hardcode"",""value"":""M_TOTPOP""},""value_source_value"":{""type"":""select"",""value"":""M_TOTPOP""}}"
139,E_POV,"Persons below poverty estimate, 2014-2018 ACS",9999,"{""geom_join_column"":{""type"":""select"",""value"":""FIPS""},""attr_start_date"":{""type"":""code"",""value"":""as.Date('2018-01-01')""},""attr_end_date"":{""type"":""code"",""value"":""as.Date('2018-12-31')""},""value_as_number"":{""type"":""select"",""value"":""E_POV""},""attr_source_value"":{""type"":""hardcode"",""value"":""E_POV""},""value_source_value"":{""type"":""select"",""value"":""E_POV""}}"
149,E_AGE17,"Persons aged 17 and younger estimate, 2014-2018 ACS",9999,"{""geom_join_column"":{""type"":""select"",""value"":""FIPS""},""attr_start_date"":{""type"":""code"",""value"":""as.Date('2018-01-01')""},""attr_end_date"":{""type"":""code"",""value"":""as.Date('2018-12-31')""},""value_as_number"":{""type"":""select"",""value"":""E_AGE17""},""attr_source_value"":{""type"":""hardcode"",""value"":""E_AGE17""},""value_source_value"":{""type"":""select"",""value"":""E_AGE17""}}"
132,AREA_SQMI,Tract area in square miles,9999,"{""geom_join_column"":{""type"":""select"",""value"":""FIPS""},""attr_start_date"":{""type"":""code"",""value"":""as.Date('2018-01-01')""},""attr_end_date"":{""type"":""code"",""value"":""as.Date('2018-12-31')""},""value_as_number"":{""type"":""select"",""value"":""AREA_SQMI""},""attr_source_value"":{""type"":""hardcode"",""value"":""AREA_SQMI""},""value_source_value"":{""type"":""select"",""value"":""AREA_SQMI""}}"
171,EP_UNEMP,Unemploymen t Rate estimate,9999,"{""geom_join_column"":{""type"":""select"",""value"":""FIPS""},""attr_start_date"":{""type"":""code"",""value"":""as.Date('2018-01-01')""},""attr_end_date"":{""type"":""code"",""value"":""as.Date('2018-12-31')""},""value_as_number"":{""type"":""select"",""value"":""EP_UNEMP""},""attr_source_value"":{""type"":""hardcode"",""value"":""EP_UNEMP""},""value_source_value"":{""type"":""select"",""value"":""EP_UNEMP""}}"
175,EP_NOHSDP,Percentage of persons with no high school diploma (age 25+) estimate,9999,"{""geom_join_column"":{""type"":""select"",""value"":""FIPS""},""attr_start_date"":{""type"":""code"",""value"":""as.Date('2018-01-01')""},""attr_end_date"":{""type"":""code"",""value"":""as.Date('2018-12-31')""},""value_as_number"":{""type"":""select"",""value"":""EP_NOHSDP""},""attr_source_value"":{""type"":""hardcode"",""value"":""EP_NOHSDP""},""value_source_value"":{""type"":""select"",""value"":""EP_NOHSDP""}}"
176,MP_NOHSDP,Percentage of persons with no high school diploma (25+) estimate MOE,9999,"{""geom_join_column"":{""type"":""select"",""value"":""FIPS""},""attr_start_date"":{""type"":""code"",""value"":""as.Date('2018-01-01')""},""attr_end_date"":{""type"":""code"",""value"":""as.Date('2018-12-31')""},""value_as_number"":{""type"":""select"",""value"":""MP_NOHSDP""},""attr_source_value"":{""type"":""hardcode"",""value"":""MP_NOHSDP""},""value_source_value"":{""type"":""select"",""value"":""MP_NOHSDP""}}"
177,EP_AGE65,"Percentage of persons aged 65 and older estimate, 2014-2018 ACS",9999,"{""geom_join_column"":{""type"":""select"",""value"":""FIPS""},""attr_start_date"":{""type"":""code"",""value"":""as.Date('2018-01-01')""},""attr_end_date"":{""type"":""code"",""value"":""as.Date('2018-12-31')""},""value_as_number"":{""type"":""select"",""value"":""EP_AGE65""},""attr_source_value"":{""type"":""hardcode"",""value"":""EP_AGE65""},""value_source_value"":{""type"":""select"",""value"":""EP_AGE65""}}"
178,MP_AGE65,"Percentage of persons aged 65 and older estimate MOE, 2014-2018 ACS",9999,"{""geom_join_column"":{""type"":""select"",""value"":""FIPS""},""attr_start_date"":{""type"":""code"",""value"":""as.Date('2018-01-01')""},""attr_end_date"":{""type"":""code"",""value"":""as.Date('2018-12-31')""},""value_as_number"":{""type"":""select"",""value"":""MP_AGE65""},""attr_source_value"":{""type"":""hardcode"",""value"":""MP_AGE65""},""value_source_value"":{""type"":""select"",""value"":""MP_AGE65""}}"
179,EP_AGE17,"Percentage of persons aged 17 and younger estimate, 2014-2018 ACS",9999,"{""geom_join_column"":{""type"":""select"",""value"":""FIPS""},""attr_start_date"":{""type"":""code"",""value"":""as.Date('2018-01-01')""},""attr_end_date"":{""type"":""code"",""value"":""as.Date('2018-12-31')""},""value_as_number"":{""type"":""select"",""value"":""EP_AGE17""},""attr_source_value"":{""type"":""hardcode"",""value"":""EP_AGE17""},""value_source_value"":{""type"":""select"",""value"":""EP_AGE17""}}"
180,MP_AGE17,"Percentage of persons aged 17 and younger estimate MOE, 2014-2018 ACS",9999,"{""geom_join_column"":{""type"":""select"",""value"":""FIPS""},""attr_start_date"":{""type"":""code"",""value"":""as.Date('2018-01-01')""},""attr_end_date"":{""type"":""code"",""value"":""as.Date('2018-12-31')""},""value_as_number"":{""type"":""select"",""value"":""MP_AGE17""},""attr_source_value"":{""type"":""hardcode"",""value"":""MP_AGE17""},""value_source_value"":{""type"":""select"",""value"":""MP_AGE17""}}"
181,EP_DISABL,"Percentage of civilian noninstitutiona lized population with a disability estimate, 2014-2018 ACS",9999,"{""geom_join_column"":{""type"":""select"",""value"":""FIPS""},""attr_start_date"":{""type"":""code"",""value"":""as.Date('2018-01-01')""},""attr_end_date"":{""type"":""code"",""value"":""as.Date('2018-12-31')""},""value_as_number"":{""type"":""select"",""value"":""EP_DISABL""},""attr_source_value"":{""type"":""hardcode"",""value"":""EP_DISABL""},""value_source_value"":{""type"":""select"",""value"":""EP_DISABL""}}"
182,MP_DISABL,"Percentage of civilian noninstitutiona lized population with a disability estimate MOE, 2014-2018 ACS",9999,"{""geom_join_column"":{""type"":""select"",""value"":""FIPS""},""attr_start_date"":{""type"":""code"",""value"":""as.Date('2018-01-01')""},""attr_end_date"":{""type"":""code"",""value"":""as.Date('2018-12-31')""},""value_as_number"":{""type"":""select"",""value"":""MP_DISABL""},""attr_source_value"":{""type"":""hardcode"",""value"":""MP_DISABL""},""value_source_value"":{""type"":""select"",""value"":""MP_DISABL""}}"
183,EP_SNGPNT,"Percentage of single parent households with children under 18 estimate, 2014-2018 ACS",9999,"{""geom_join_column"":{""type"":""select"",""value"":""FIPS""},""attr_start_date"":{""type"":""code"",""value"":""as.Date('2018-01-01')""},""attr_end_date"":{""type"":""code"",""value"":""as.Date('2018-12-31')""},""value_as_number"":{""type"":""select"",""value"":""EP_SNGPNT""},""attr_source_value"":{""type"":""hardcode"",""value"":""EP_SNGPNT""},""value_source_value"":{""type"":""select"",""value"":""EP_SNGPNT""}}"
184,MP_SNGPNT,"Percentage of single parent households with children under 18 estimate MOE, 2014-2018 ACS",9999,"{""geom_join_column"":{""type"":""select"",""value"":""FIPS""},""attr_start_date"":{""type"":""code"",""value"":""as.Date('2018-01-01')""},""attr_end_date"":{""type"":""code"",""value"":""as.Date('2018-12-31')""},""value_as_number"":{""type"":""select"",""value"":""MP_SNGPNT""},""attr_source_value"":{""type"":""hardcode"",""value"":""MP_SNGPNT""},""value_source_value"":{""type"":""select"",""value"":""MP_SNGPNT""}}"
185,EP_MINRTY,"Percentage minority (all persons except white, non- Hispanic) estimate, 2014-2018 ACS",9999,"{""geom_join_column"":{""type"":""select"",""value"":""FIPS""},""attr_start_date"":{""type"":""code"",""value"":""as.Date('2018-01-01')""},""attr_end_date"":{""type"":""code"",""value"":""as.Date('2018-12-31')""},""value_as_number"":{""type"":""select"",""value"":""EP_MINRTY""},""attr_source_value"":{""type"":""hardcode"",""value"":""EP_MINRTY""},""value_source_value"":{""type"":""select"",""value"":""EP_MINRTY""}}"
186,MP_MINRTY,"Percentage minority (all persons except white, non- Hispanic) estimate MOE, 2014-2018 ACS",9999,"{""geom_join_column"":{""type"":""select"",""value"":""FIPS""},""attr_start_date"":{""type"":""code"",""value"":""as.Date('2018-01-01')""},""attr_end_date"":{""type"":""code"",""value"":""as.Date('2018-12-31')""},""value_as_number"":{""type"":""select"",""value"":""MP_MINRTY""},""attr_source_value"":{""type"":""hardcode"",""value"":""MP_MINRTY""},""value_source_value"":{""type"":""select"",""value"":""MP_MINRTY""}}"
187,EP_LIMENG,"Percentage of persons (age 5+) who speak English ""less than well"" estimate, 2014-2018 ACS",9999,"{""geom_join_column"":{""type"":""select"",""value"":""FIPS""},""attr_start_date"":{""type"":""code"",""value"":""as.Date('2018-01-01')""},""attr_end_date"":{""type"":""code"",""value"":""as.Date('2018-12-31')""},""value_as_number"":{""type"":""select"",""value"":""EP_LIMENG""},""attr_source_value"":{""type"":""hardcode"",""value"":""EP_LIMENG""},""value_source_value"":{""type"":""select"",""value"":""EP_LIMENG""}}"
188,MP_LIMENG,"Percentage of persons (age 5+) who speak English ""less than well"" estimate MOE, 2014-2018 ACS",9999,"{""geom_join_column"":{""type"":""select"",""value"":""FIPS""},""attr_start_date"":{""type"":""code"",""value"":""as.Date('2018-01-01')""},""attr_end_date"":{""type"":""code"",""value"":""as.Date('2018-12-31')""},""value_as_number"":{""type"":""select"",""value"":""MP_LIMENG""},""attr_source_value"":{""type"":""hardcode"",""value"":""MP_LIMENG""},""value_source_value"":{""type"":""select"",""value"":""MP_LIMENG""}}"
163,E_CROWD,"At household level (occupied housing units), more people than rooms estimate, 2014-2018 ACS",9999,"{""geom_join_column"":{""type"":""select"",""value"":""FIPS""},""attr_start_date"":{""type"":""code"",""value"":""as.Date('2018-01-01')""},""attr_end_date"":{""type"":""code"",""value"":""as.Date('2018-12-31')""},""value_as_number"":{""type"":""select"",""value"":""E_CROWD""},""attr_source_value"":{""type"":""hardcode"",""value"":""E_CROWD""},""value_source_value"":{""type"":""select"",""value"":""E_CROWD""}}"
164,M_CROWD,"At household level (occupied housing units), more people than rooms estimate MOE, 2014-2018 ACS",9999,"{""geom_join_column"":{""type"":""select"",""value"":""FIPS""},""attr_start_date"":{""type"":""code"",""value"":""as.Date('2018-01-01')""},""attr_end_date"":{""type"":""code"",""value"":""as.Date('2018-12-31')""},""value_as_number"":{""type"":""select"",""value"":""M_CROWD""},""attr_source_value"":{""type"":""hardcode"",""value"":""M_CROWD""},""value_source_value"":{""type"":""select"",""value"":""M_CROWD""}}"
165,E_NOVEH,"Households with no vehicle available estimate, 2014-2018 ACS",9999,"{""geom_join_column"":{""type"":""select"",""value"":""FIPS""},""attr_start_date"":{""type"":""code"",""value"":""as.Date('2018-01-01')""},""attr_end_date"":{""type"":""code"",""value"":""as.Date('2018-12-31')""},""value_as_number"":{""type"":""select"",""value"":""E_NOVEH""},""attr_source_value"":{""type"":""hardcode"",""value"":""E_NOVEH""},""value_source_value"":{""type"":""select"",""value"":""E_NOVEH""}}"
166,M_NOVEH,"Households with no vehicle available estimate MOE, 2014-2018 ACS",9999,"{""geom_join_column"":{""type"":""select"",""value"":""FIPS""},""attr_start_date"":{""type"":""code"",""value"":""as.Date('2018-01-01')""},""attr_end_date"":{""type"":""code"",""value"":""as.Date('2018-12-31')""},""value_as_number"":{""type"":""select"",""value"":""M_NOVEH""},""attr_source_value"":{""type"":""hardcode"",""value"":""M_NOVEH""},""value_source_value"":{""type"":""select"",""value"":""M_NOVEH""}}"
167,E_GROUPQ,"Persons in group quarters estimate, 2014-2018 ACS",9999,"{""geom_join_column"":{""type"":""select"",""value"":""FIPS""},""attr_start_date"":{""type"":""code"",""value"":""as.Date('2018-01-01')""},""attr_end_date"":{""type"":""code"",""value"":""as.Date('2018-12-31')""},""value_as_number"":{""type"":""select"",""value"":""E_GROUPQ""},""attr_source_value"":{""type"":""hardcode"",""value"":""E_GROUPQ""},""value_source_value"":{""type"":""select"",""value"":""E_GROUPQ""}}"
189,EP_MUNIT,Percentage of housing in structures with 10 or more units estimate,9999,"{""geom_join_column"":{""type"":""select"",""value"":""FIPS""},""attr_start_date"":{""type"":""code"",""value"":""as.Date('2018-01-01')""},""attr_end_date"":{""type"":""code"",""value"":""as.Date('2018-12-31')""},""value_as_number"":{""type"":""select"",""value"":""EP_MUNIT""},""attr_source_value"":{""type"":""hardcode"",""value"":""EP_MUNIT""},""value_source_value"":{""type"":""select"",""value"":""EP_MUNIT""}}"
190,MP_MUNIT,Percentage of housing in structures with 10 or more units estimate MOE,9999,"{""geom_join_column"":{""type"":""select"",""value"":""FIPS""},""attr_start_date"":{""type"":""code"",""value"":""as.Date('2018-01-01')""},""attr_end_date"":{""type"":""code"",""value"":""as.Date('2018-12-31')""},""value_as_number"":{""type"":""select"",""value"":""MP_MUNIT""},""attr_source_value"":{""type"":""hardcode"",""value"":""MP_MUNIT""},""value_source_value"":{""type"":""select"",""value"":""MP_MUNIT""}}"
192,MP_MOBILE,Percentage of mobile homes estimate MOE,9999,"{""geom_join_column"":{""type"":""select"",""value"":""FIPS""},""attr_start_date"":{""type"":""code"",""value"":""as.Date('2018-01-01')""},""attr_end_date"":{""type"":""code"",""value"":""as.Date('2018-12-31')""},""value_as_number"":{""type"":""select"",""value"":""MP_MOBILE""},""attr_source_value"":{""type"":""hardcode"",""value"":""MP_MOBILE""},""value_source_value"":{""type"":""select"",""value"":""MP_MOBILE""}}"
193,EP_CROWD,Percentage of occupied housing units with more people than rooms estimate,9999,"{""geom_join_column"":{""type"":""select"",""value"":""FIPS""},""attr_start_date"":{""type"":""code"",""value"":""as.Date('2018-01-01')""},""attr_end_date"":{""type"":""code"",""value"":""as.Date('2018-12-31')""},""value_as_number"":{""type"":""select"",""value"":""EP_CROWD""},""attr_source_value"":{""type"":""hardcode"",""value"":""EP_CROWD""},""value_source_value"":{""type"":""select"",""value"":""EP_CROWD""}}"
194,MP_CROWD,Percentage of occupied housing units with more people than rooms estimate MOE,9999,"{""geom_join_column"":{""type"":""select"",""value"":""FIPS""},""attr_start_date"":{""type"":""code"",""value"":""as.Date('2018-01-01')""},""attr_end_date"":{""type"":""code"",""value"":""as.Date('2018-12-31')""},""value_as_number"":{""type"":""select"",""value"":""MP_CROWD""},""attr_source_value"":{""type"":""hardcode"",""value"":""MP_CROWD""},""value_source_value"":{""type"":""select"",""value"":""MP_CROWD""}}"
195,EP_NOVEH,Percentage of households with no vehicle available estimate,9999,"{""geom_join_column"":{""type"":""select"",""value"":""FIPS""},""attr_start_date"":{""type"":""code"",""value"":""as.Date('2018-01-01')""},""attr_end_date"":{""type"":""code"",""value"":""as.Date('2018-12-31')""},""value_as_number"":{""type"":""select"",""value"":""EP_NOVEH""},""attr_source_value"":{""type"":""hardcode"",""value"":""EP_NOVEH""},""value_source_value"":{""type"":""select"",""value"":""EP_NOVEH""}}"
150,M_AGE17,"Persons aged 17 and younger estimate MOE, 2014-2018 ACS",9999,"{""geom_join_column"":{""type"":""select"",""value"":""FIPS""},""attr_start_date"":{""type"":""code"",""value"":""as.Date('2018-01-01')""},""attr_end_date"":{""type"":""code"",""value"":""as.Date('2018-12-31')""},""value_as_number"":{""type"":""select"",""value"":""M_AGE17""},""attr_source_value"":{""type"":""hardcode"",""value"":""M_AGE17""},""value_source_value"":{""type"":""select"",""value"":""M_AGE17""}}"
151,E_DISABL,"Civilian noninstitutiona lized population with a disability estimate, 2014-2018 ACS",9999,"{""geom_join_column"":{""type"":""select"",""value"":""FIPS""},""attr_start_date"":{""type"":""code"",""value"":""as.Date('2018-01-01')""},""attr_end_date"":{""type"":""code"",""value"":""as.Date('2018-12-31')""},""value_as_number"":{""type"":""select"",""value"":""E_DISABL""},""attr_source_value"":{""type"":""hardcode"",""value"":""E_DISABL""},""value_source_value"":{""type"":""select"",""value"":""E_DISABL""}}"
152,M_DISABL,"Civilian noninstitutiona lized population with a disability estimate MOE, 2014-2018 ACS",9999,"{""geom_join_column"":{""type"":""select"",""value"":""FIPS""},""attr_start_date"":{""type"":""code"",""value"":""as.Date('2018-01-01')""},""attr_end_date"":{""type"":""code"",""value"":""as.Date('2018-12-31')""},""value_as_number"":{""type"":""select"",""value"":""M_DISABL""},""attr_source_value"":{""type"":""hardcode"",""value"":""M_DISABL""},""value_source_value"":{""type"":""select"",""value"":""M_DISABL""}}"
153,E_SNGPNT,"Single parent household with children under 18 estimate, 2014-2018 ACS",9999,"{""geom_join_column"":{""type"":""select"",""value"":""FIPS""},""attr_start_date"":{""type"":""code"",""value"":""as.Date('2018-01-01')""},""attr_end_date"":{""type"":""code"",""value"":""as.Date('2018-12-31')""},""value_as_number"":{""type"":""select"",""value"":""E_SNGPNT""},""attr_source_value"":{""type"":""hardcode"",""value"":""E_SNGPNT""},""value_source_value"":{""type"":""select"",""value"":""E_SNGPNT""}}"
201,EPL_PCI,Percentile per capita income estimate,9999,"{""geom_join_column"":{""type"":""select"",""value"":""FIPS""},""attr_start_date"":{""type"":""code"",""value"":""as.Date('2018-01-01')""},""attr_end_date"":{""type"":""code"",""value"":""as.Date('2018-12-31')""},""value_as_number"":{""type"":""select"",""value"":""EPL_PCI""},""attr_source_value"":{""type"":""hardcode"",""value"":""EPL_PCI""},""value_source_value"":{""type"":""select"",""value"":""EPL_PCI""}}"
196,MP_NOVEH,Percentage of households with no vehicle available estimate MOE,9999,"{""geom_join_column"":{""type"":""select"",""value"":""FIPS""},""attr_start_date"":{""type"":""code"",""value"":""as.Date('2018-01-01')""},""attr_end_date"":{""type"":""code"",""value"":""as.Date('2018-12-31')""},""value_as_number"":{""type"":""select"",""value"":""MP_NOVEH""},""attr_source_value"":{""type"":""hardcode"",""value"":""MP_NOVEH""},""value_source_value"":{""type"":""select"",""value"":""MP_NOVEH""}}"
154,M_SNGPNT,"Single parent household with children under 18 estimate MOE, 2014-2018 ACS",9999,"{""geom_join_column"":{""type"":""select"",""value"":""FIPS""},""attr_start_date"":{""type"":""code"",""value"":""as.Date('2018-01-01')""},""attr_end_date"":{""type"":""code"",""value"":""as.Date('2018-12-31')""},""value_as_number"":{""type"":""select"",""value"":""M_SNGPNT""},""attr_source_value"":{""type"":""hardcode"",""value"":""M_SNGPNT""},""value_source_value"":{""type"":""select"",""value"":""M_SNGPNT""}}"
197,EP_GROUPQ,"Percentage of persons in group quarters estimate, 2014-2018 ACS",9999,"{""geom_join_column"":{""type"":""select"",""value"":""FIPS""},""attr_start_date"":{""type"":""code"",""value"":""as.Date('2018-01-01')""},""attr_end_date"":{""type"":""code"",""value"":""as.Date('2018-12-31')""},""value_as_number"":{""type"":""select"",""value"":""EP_GROUPQ""},""attr_source_value"":{""type"":""hardcode"",""value"":""EP_GROUPQ""},""value_source_value"":{""type"":""select"",""value"":""EP_GROUPQ""}}"
198,MP_GROUPQ,"Percentage of persons in group quarters estimate MOE, 2014-2018 ACS",9999,"{""geom_join_column"":{""type"":""select"",""value"":""FIPS""},""attr_start_date"":{""type"":""code"",""value"":""as.Date('2018-01-01')""},""attr_end_date"":{""type"":""code"",""value"":""as.Date('2018-12-31')""},""value_as_number"":{""type"":""select"",""value"":""MP_GROUPQ""},""attr_source_value"":{""type"":""hardcode"",""value"":""MP_GROUPQ""},""value_source_value"":{""type"":""select"",""value"":""MP_GROUPQ""}}"
200,EPL_UNEMP,Percentile Percentage of civilian (age 16+) unemployed estimate,9999,"{""geom_join_column"":{""type"":""select"",""value"":""FIPS""},""attr_start_date"":{""type"":""code"",""value"":""as.Date('2018-01-01')""},""attr_end_date"":{""type"":""code"",""value"":""as.Date('2018-12-31')""},""value_as_number"":{""type"":""select"",""value"":""EPL_UNEMP""},""attr_source_value"":{""type"":""hardcode"",""value"":""EPL_UNEMP""},""value_source_value"":{""type"":""select"",""value"":""EPL_UNEMP""}}"
202,EPL_NOHSDP,Percentile Percentage of persons with no high school diploma (age 25+) estimate,9999,"{""geom_join_column"":{""type"":""select"",""value"":""FIPS""},""attr_start_date"":{""type"":""code"",""value"":""as.Date('2018-01-01')""},""attr_end_date"":{""type"":""code"",""value"":""as.Date('2018-12-31')""},""value_as_number"":{""type"":""select"",""value"":""EPL_NOHSDP""},""attr_source_value"":{""type"":""hardcode"",""value"":""EPL_NOHSDP""},""value_source_value"":{""type"":""select"",""value"":""EPL_NOHSDP""}}"
203,SPL_THEME1,Sum of series for Socioeconomic theme,9999,"{""geom_join_column"":{""type"":""select"",""value"":""FIPS""},""attr_start_date"":{""type"":""code"",""value"":""as.Date('2018-01-01')""},""attr_end_date"":{""type"":""code"",""value"":""as.Date('2018-12-31')""},""value_as_number"":{""type"":""select"",""value"":""SPL_THEME1""},""attr_source_value"":{""type"":""hardcode"",""value"":""SPL_THEME1""},""value_source_value"":{""type"":""select"",""value"":""SPL_THEME1""}}"
204,RPL_THEME1,Percentile ranking for Socioeconomic theme summary,9999,"{""geom_join_column"":{""type"":""select"",""value"":""FIPS""},""attr_start_date"":{""type"":""code"",""value"":""as.Date('2018-01-01')""},""attr_end_date"":{""type"":""code"",""value"":""as.Date('2018-12-31')""},""value_as_number"":{""type"":""select"",""value"":""RPL_THEME1""},""attr_source_value"":{""type"":""hardcode"",""value"":""RPL_THEME1""},""value_source_value"":{""type"":""select"",""value"":""RPL_THEME1""}}"
205,EPL_AGE65,Percentile percentage of persons aged 65 and older estimate,9999,"{""geom_join_column"":{""type"":""select"",""value"":""FIPS""},""attr_start_date"":{""type"":""code"",""value"":""as.Date('2018-01-01')""},""attr_end_date"":{""type"":""code"",""value"":""as.Date('2018-12-31')""},""value_as_number"":{""type"":""select"",""value"":""EPL_AGE65""},""attr_source_value"":{""type"":""hardcode"",""value"":""EPL_AGE65""},""value_source_value"":{""type"":""select"",""value"":""EPL_AGE65""}}"
206,EPL_AGE17,Percentile percentage of persons aged 17 and younger estimate,9999,"{""geom_join_column"":{""type"":""select"",""value"":""FIPS""},""attr_start_date"":{""type"":""code"",""value"":""as.Date('2018-01-01')""},""attr_end_date"":{""type"":""code"",""value"":""as.Date('2018-12-31')""},""value_as_number"":{""type"":""select"",""value"":""EPL_AGE17""},""attr_source_value"":{""type"":""hardcode"",""value"":""EPL_AGE17""},""value_source_value"":{""type"":""select"",""value"":""EPL_AGE17""}}"
207,EPL_DISABL,Percentile percentage of civilian noninstitutiona lized population with a disability estimate,9999,"{""geom_join_column"":{""type"":""select"",""value"":""FIPS""},""attr_start_date"":{""type"":""code"",""value"":""as.Date('2018-01-01')""},""attr_end_date"":{""type"":""code"",""value"":""as.Date('2018-12-31')""},""value_as_number"":{""type"":""select"",""value"":""EPL_DISABL""},""attr_source_value"":{""type"":""hardcode"",""value"":""EPL_DISABL""},""value_source_value"":{""type"":""select"",""value"":""EPL_DISABL""}}"
208,EPL_SNGPNT,Percentile percentage of single parent households with children under 18 estimate,9999,"{""geom_join_column"":{""type"":""select"",""value"":""FIPS""},""attr_start_date"":{""type"":""code"",""value"":""as.Date('2018-01-01')""},""attr_end_date"":{""type"":""code"",""value"":""as.Date('2018-12-31')""},""value_as_number"":{""type"":""select"",""value"":""EPL_SNGPNT""},""attr_source_value"":{""type"":""hardcode"",""value"":""EPL_SNGPNT""},""value_source_value"":{""type"":""select"",""value"":""EPL_SNGPNT""}}"
209,SPL_THEME2,Sum of series for Household Composition theme,9999,"{""geom_join_column"":{""type"":""select"",""value"":""FIPS""},""attr_start_date"":{""type"":""code"",""value"":""as.Date('2018-01-01')""},""attr_end_date"":{""type"":""code"",""value"":""as.Date('2018-12-31')""},""value_as_number"":{""type"":""select"",""value"":""SPL_THEME2""},""attr_source_value"":{""type"":""hardcode"",""value"":""SPL_THEME2""},""value_source_value"":{""type"":""select"",""value"":""SPL_THEME2""}}"
210,RPL_THEME2,Percentile ranking for Household Composition theme summary,9999,"{""geom_join_column"":{""type"":""select"",""value"":""FIPS""},""attr_start_date"":{""type"":""code"",""value"":""as.Date('2018-01-01')""},""attr_end_date"":{""type"":""code"",""value"":""as.Date('2018-12-31')""},""value_as_number"":{""type"":""select"",""value"":""RPL_THEME2""},""attr_source_value"":{""type"":""hardcode"",""value"":""RPL_THEME2""},""value_source_value"":{""type"":""select"",""value"":""RPL_THEME2""}}"
211,EPL_MINRTY,"Percentile percentage minority (all persons except white, non- Hispanic) estimate",9999,"{""geom_join_column"":{""type"":""select"",""value"":""FIPS""},""attr_start_date"":{""type"":""code"",""value"":""as.Date('2018-01-01')""},""attr_end_date"":{""type"":""code"",""value"":""as.Date('2018-12-31')""},""value_as_number"":{""type"":""select"",""value"":""EPL_MINRTY""},""attr_source_value"":{""type"":""hardcode"",""value"":""EPL_MINRTY""},""value_source_value"":{""type"":""select"",""value"":""EPL_MINRTY""}}"
212,EPL_LIMENG,"Percentile percentage of persons (age 5+) who speak English ""less than well"" estimate",9999,"{""geom_join_column"":{""type"":""select"",""value"":""FIPS""},""attr_start_date"":{""type"":""code"",""value"":""as.Date('2018-01-01')""},""attr_end_date"":{""type"":""code"",""value"":""as.Date('2018-12-31')""},""value_as_number"":{""type"":""select"",""value"":""EPL_LIMENG""},""attr_source_value"":{""type"":""hardcode"",""value"":""EPL_LIMENG""},""value_source_value"":{""type"":""select"",""value"":""EPL_LIMENG""}}"
213,SPL_THEME3,Sum of series for Minority Status/Languag e theme,9999,"{""geom_join_column"":{""type"":""select"",""value"":""FIPS""},""attr_start_date"":{""type"":""code"",""value"":""as.Date('2018-01-01')""},""attr_end_date"":{""type"":""code"",""value"":""as.Date('2018-12-31')""},""value_as_number"":{""type"":""select"",""value"":""SPL_THEME3""},""attr_source_value"":{""type"":""hardcode"",""value"":""SPL_THEME3""},""value_source_value"":{""type"":""select"",""value"":""SPL_THEME3""}}"
214,RPL_THEME3,Percentile ranking for Minority Status/Languag e theme,9999,"{""geom_join_column"":{""type"":""select"",""value"":""FIPS""},""attr_start_date"":{""type"":""code"",""value"":""as.Date('2018-01-01')""},""attr_end_date"":{""type"":""code"",""value"":""as.Date('2018-12-31')""},""value_as_number"":{""type"":""select"",""value"":""RPL_THEME3""},""attr_source_value"":{""type"":""hardcode"",""value"":""RPL_THEME3""},""value_source_value"":{""type"":""select"",""value"":""RPL_THEME3""}}"
216,EPL_MOBILE,Percentile percentage mobile homes estimate,9999,"{""geom_join_column"":{""type"":""select"",""value"":""FIPS""},""attr_start_date"":{""type"":""code"",""value"":""as.Date('2018-01-01')""},""attr_end_date"":{""type"":""code"",""value"":""as.Date('2018-12-31')""},""value_as_number"":{""type"":""select"",""value"":""EPL_MOBILE""},""attr_source_value"":{""type"":""hardcode"",""value"":""EPL_MOBILE""},""value_source_value"":{""type"":""select"",""value"":""EPL_MOBILE""}}"
217,EPL_CROWD,Percentile percentage households with more people than rooms estimate,9999,"{""geom_join_column"":{""type"":""select"",""value"":""FIPS""},""attr_start_date"":{""type"":""code"",""value"":""as.Date('2018-01-01')""},""attr_end_date"":{""type"":""code"",""value"":""as.Date('2018-12-31')""},""value_as_number"":{""type"":""select"",""value"":""EPL_CROWD""},""attr_source_value"":{""type"":""hardcode"",""value"":""EPL_CROWD""},""value_source_value"":{""type"":""select"",""value"":""EPL_CROWD""}}"
218,EPL_NOVEH,Percentile percentage households with no vehicle available estimate,9999,"{""geom_join_column"":{""type"":""select"",""value"":""FIPS""},""attr_start_date"":{""type"":""code"",""value"":""as.Date('2018-01-01')""},""attr_end_date"":{""type"":""code"",""value"":""as.Date('2018-12-31')""},""value_as_number"":{""type"":""select"",""value"":""EPL_NOVEH""},""attr_source_value"":{""type"":""hardcode"",""value"":""EPL_NOVEH""},""value_source_value"":{""type"":""select"",""value"":""EPL_NOVEH""}}"
219,EPL_GROUPQ,Percentile percentage of persons in group quarters estimate,9999,"{""geom_join_column"":{""type"":""select"",""value"":""FIPS""},""attr_start_date"":{""type"":""code"",""value"":""as.Date('2018-01-01')""},""attr_end_date"":{""type"":""code"",""value"":""as.Date('2018-12-31')""},""value_as_number"":{""type"":""select"",""value"":""EPL_GROUPQ""},""attr_source_value"":{""type"":""hardcode"",""value"":""EPL_GROUPQ""},""value_source_value"":{""type"":""select"",""value"":""EPL_GROUPQ""}}"
220,SPL_THEME4,Sum of series for Housing Type/ Transportation theme,9999,"{""geom_join_column"":{""type"":""select"",""value"":""FIPS""},""attr_start_date"":{""type"":""code"",""value"":""as.Date('2018-01-01')""},""attr_end_date"":{""type"":""code"",""value"":""as.Date('2018-12-31')""},""value_as_number"":{""type"":""select"",""value"":""SPL_THEME4""},""attr_source_value"":{""type"":""hardcode"",""value"":""SPL_THEME4""},""value_source_value"":{""type"":""select"",""value"":""SPL_THEME4""}}"
221,RPL_THEME4,Percentile ranking for Housing Type/ Transportation theme,9999,"{""geom_join_column"":{""type"":""select"",""value"":""FIPS""},""attr_start_date"":{""type"":""code"",""value"":""as.Date('2018-01-01')""},""attr_end_date"":{""type"":""code"",""value"":""as.Date('2018-12-31')""},""value_as_number"":{""type"":""select"",""value"":""RPL_THEME4""},""attr_source_value"":{""type"":""hardcode"",""value"":""RPL_THEME4""},""value_source_value"":{""type"":""select"",""value"":""RPL_THEME4""}}"
222,SPL_THEMES,Sum of series themes,9999,"{""geom_join_column"":{""type"":""select"",""value"":""FIPS""},""attr_start_date"":{""type"":""code"",""value"":""as.Date('2018-01-01')""},""attr_end_date"":{""type"":""code"",""value"":""as.Date('2018-12-31')""},""value_as_number"":{""type"":""select"",""value"":""SPL_THEMES""},""attr_source_value"":{""type"":""hardcode"",""value"":""SPL_THEMES""},""value_source_value"":{""type"":""select"",""value"":""SPL_THEMES""}}"
223,RPL_THEMES,Overall percentile ranking,9999,"{""geom_join_column"":{""type"":""select"",""value"":""FIPS""},""attr_start_date"":{""type"":""code"",""value"":""as.Date('2018-01-01')""},""attr_end_date"":{""type"":""code"",""value"":""as.Date('2018-12-31')""},""value_as_number"":{""type"":""select"",""value"":""RPL_THEMES""},""attr_source_value"":{""type"":""hardcode"",""value"":""RPL_THEMES""},""value_source_value"":{""type"":""select"",""value"":""RPL_THEMES""}}"
224,F_POV,"Flag - the percentage of persons in poverty is in the 90th percentile (1 = yes, 0 = no)",9999,"{""geom_join_column"":{""type"":""select"",""value"":""FIPS""},""attr_start_date"":{""type"":""code"",""value"":""as.Date('2018-01-01')""},""attr_end_date"":{""type"":""code"",""value"":""as.Date('2018-12-31')""},""value_as_number"":{""type"":""select"",""value"":""F_POV""},""attr_source_value"":{""type"":""hardcode"",""value"":""F_POV""},""value_source_value"":{""type"":""select"",""value"":""F_POV""}}"
225,F_UNEMP,"Flag - the percentage of civilian unemployed is in the 90th percentile (1 = yes, 0 = no)",9999,"{""geom_join_column"":{""type"":""select"",""value"":""FIPS""},""attr_start_date"":{""type"":""code"",""value"":""as.Date('2018-01-01')""},""attr_end_date"":{""type"":""code"",""value"":""as.Date('2018-12-31')""},""value_as_number"":{""type"":""select"",""value"":""F_UNEMP""},""attr_source_value"":{""type"":""hardcode"",""value"":""F_UNEMP""},""value_source_value"":{""type"":""select"",""value"":""F_UNEMP""}}"
226,F_PCI,"Flag - per capita income is in the 90th percentile (1 = yes, 0 = no)",9999,"{""geom_join_column"":{""type"":""select"",""value"":""FIPS""},""attr_start_date"":{""type"":""code"",""value"":""as.Date('2018-01-01')""},""attr_end_date"":{""type"":""code"",""value"":""as.Date('2018-12-31')""},""value_as_number"":{""type"":""select"",""value"":""F_PCI""},""attr_source_value"":{""type"":""hardcode"",""value"":""F_PCI""},""value_source_value"":{""type"":""select"",""value"":""F_PCI""}}"
227,F_NOHSDP,"Flag - the percentage of persons with no high school diploma is in the 90th percentile (1 = yes, 0 = no)",9999,"{""geom_join_column"":{""type"":""select"",""value"":""FIPS""},""attr_start_date"":{""type"":""code"",""value"":""as.Date('2018-01-01')""},""attr_end_date"":{""type"":""code"",""value"":""as.Date('2018-12-31')""},""value_as_number"":{""type"":""select"",""value"":""F_NOHSDP""},""attr_source_value"":{""type"":""hardcode"",""value"":""F_NOHSDP""},""value_source_value"":{""type"":""select"",""value"":""F_NOHSDP""}}"
228,F_THEME1,Sum of flags for Socioeconomic Status theme,9999,"{""geom_join_column"":{""type"":""select"",""value"":""FIPS""},""attr_start_date"":{""type"":""code"",""value"":""as.Date('2018-01-01')""},""attr_end_date"":{""type"":""code"",""value"":""as.Date('2018-12-31')""},""value_as_number"":{""type"":""select"",""value"":""F_THEME1""},""attr_source_value"":{""type"":""hardcode"",""value"":""F_THEME1""},""value_source_value"":{""type"":""select"",""value"":""F_THEME1""}}"
229,F_AGE65,"Flag - the percentage of persons aged 65 and older is in the 90th percentile (1 = yes, 0 = no)",9999,"{""geom_join_column"":{""type"":""select"",""value"":""FIPS""},""attr_start_date"":{""type"":""code"",""value"":""as.Date('2018-01-01')""},""attr_end_date"":{""type"":""code"",""value"":""as.Date('2018-12-31')""},""value_as_number"":{""type"":""select"",""value"":""F_AGE65""},""attr_source_value"":{""type"":""hardcode"",""value"":""F_AGE65""},""value_source_value"":{""type"":""select"",""value"":""F_AGE65""}}"
230,F_AGE17,"Flag - the percentage of persons aged 17 and younger is in the 90th percentile (1 = yes, 0 = no)",9999,"{""geom_join_column"":{""type"":""select"",""value"":""FIPS""},""attr_start_date"":{""type"":""code"",""value"":""as.Date('2018-01-01')""},""attr_end_date"":{""type"":""code"",""value"":""as.Date('2018-12-31')""},""value_as_number"":{""type"":""select"",""value"":""F_AGE17""},""attr_source_value"":{""type"":""hardcode"",""value"":""F_AGE17""},""value_source_value"":{""type"":""select"",""value"":""F_AGE17""}}"
231,F_DISABL,"Flag - the percentage of persons with a disability is in the 90th percentile (1 = yes, 0 = no)",9999,"{""geom_join_column"":{""type"":""select"",""value"":""FIPS""},""attr_start_date"":{""type"":""code"",""value"":""as.Date('2018-01-01')""},""attr_end_date"":{""type"":""code"",""value"":""as.Date('2018-12-31')""},""value_as_number"":{""type"":""select"",""value"":""F_DISABL""},""attr_source_value"":{""type"":""hardcode"",""value"":""F_DISABL""},""value_source_value"":{""type"":""select"",""value"":""F_DISABL""}}"
232,F_SNGPNT,"Flag - the percentage of single parent households is in the 90th percentile (1 = yes, 0 = no)",9999,"{""geom_join_column"":{""type"":""select"",""value"":""FIPS""},""attr_start_date"":{""type"":""code"",""value"":""as.Date('2018-01-01')""},""attr_end_date"":{""type"":""code"",""value"":""as.Date('2018-12-31')""},""value_as_number"":{""type"":""select"",""value"":""F_SNGPNT""},""attr_source_value"":{""type"":""hardcode"",""value"":""F_SNGPNT""},""value_source_value"":{""type"":""select"",""value"":""F_SNGPNT""}}"
233,F_THEME2,Sum of flags for Household Composition theme,9999,"{""geom_join_column"":{""type"":""select"",""value"":""FIPS""},""attr_start_date"":{""type"":""code"",""value"":""as.Date('2018-01-01')""},""attr_end_date"":{""type"":""code"",""value"":""as.Date('2018-12-31')""},""value_as_number"":{""type"":""select"",""value"":""F_THEME2""},""attr_source_value"":{""type"":""hardcode"",""value"":""F_THEME2""},""value_source_value"":{""type"":""select"",""value"":""F_THEME2""}}"
234,F_MINRTY,"Flag - the percentage of minority is in the 90th percentile (1 = yes, 0 = no)",9999,"{""geom_join_column"":{""type"":""select"",""value"":""FIPS""},""attr_start_date"":{""type"":""code"",""value"":""as.Date('2018-01-01')""},""attr_end_date"":{""type"":""code"",""value"":""as.Date('2018-12-31')""},""value_as_number"":{""type"":""select"",""value"":""F_MINRTY""},""attr_source_value"":{""type"":""hardcode"",""value"":""F_MINRTY""},""value_source_value"":{""type"":""select"",""value"":""F_MINRTY""}}"
235,F_LIMENG,"Flag - the percentage those with limited English is in the 90th percentile (1 = yes, 0 = no)",9999,"{""geom_join_column"":{""type"":""select"",""value"":""FIPS""},""attr_start_date"":{""type"":""code"",""value"":""as.Date('2018-01-01')""},""attr_end_date"":{""type"":""code"",""value"":""as.Date('2018-12-31')""},""value_as_number"":{""type"":""select"",""value"":""F_LIMENG""},""attr_source_value"":{""type"":""hardcode"",""value"":""F_LIMENG""},""value_source_value"":{""type"":""select"",""value"":""F_LIMENG""}}"
236,F_THEME3,Sum of flags for Minority Status/Languag e theme,9999,"{""geom_join_column"":{""type"":""select"",""value"":""FIPS""},""attr_start_date"":{""type"":""code"",""value"":""as.Date('2018-01-01')""},""attr_end_date"":{""type"":""code"",""value"":""as.Date('2018-12-31')""},""value_as_number"":{""type"":""select"",""value"":""F_THEME3""},""attr_source_value"":{""type"":""hardcode"",""value"":""F_THEME3""},""value_source_value"":{""type"":""select"",""value"":""F_THEME3""}}"
143,E_PCI,"Per capita income estimate, 2014-2018 ACS",9999,"{""geom_join_column"":{""type"":""select"",""value"":""FIPS""},""attr_start_date"":{""type"":""code"",""value"":""as.Date('2018-01-01')""},""attr_end_date"":{""type"":""code"",""value"":""as.Date('2018-12-31')""},""value_as_number"":{""type"":""select"",""value"":""E_PCI""},""attr_source_value"":{""type"":""hardcode"",""value"":""E_PCI""},""value_source_value"":{""type"":""select"",""value"":""E_PCI""}}"
144,M_PCI,"Per capita income estimate MOE, 2014-2018 ACS",9999,"{""geom_join_column"":{""type"":""select"",""value"":""FIPS""},""attr_start_date"":{""type"":""code"",""value"":""as.Date('2018-01-01')""},""attr_end_date"":{""type"":""code"",""value"":""as.Date('2018-12-31')""},""value_as_number"":{""type"":""select"",""value"":""M_PCI""},""attr_source_value"":{""type"":""hardcode"",""value"":""M_PCI""},""value_source_value"":{""type"":""select"",""value"":""M_PCI""}}"
145,E_NOHSDP,"Persons (age 25+) with no high school diploma estimate, 2014-2018 ACS",9999,"{""geom_join_column"":{""type"":""select"",""value"":""FIPS""},""attr_start_date"":{""type"":""code"",""value"":""as.Date('2018-01-01')""},""attr_end_date"":{""type"":""code"",""value"":""as.Date('2018-12-31')""},""value_as_number"":{""type"":""select"",""value"":""E_NOHSDP""},""attr_source_value"":{""type"":""hardcode"",""value"":""E_NOHSDP""},""value_source_value"":{""type"":""select"",""value"":""E_NOHSDP""}}"
146,M_NOHSDP,"Persons (age 25+) with no high school diploma estimate MOE, 2014-2018 ACS",9999,"{""geom_join_column"":{""type"":""select"",""value"":""FIPS""},""attr_start_date"":{""type"":""code"",""value"":""as.Date('2018-01-01')""},""attr_end_date"":{""type"":""code"",""value"":""as.Date('2018-12-31')""},""value_as_number"":{""type"":""select"",""value"":""M_NOHSDP""},""attr_source_value"":{""type"":""hardcode"",""value"":""M_NOHSDP""},""value_source_value"":{""type"":""select"",""value"":""M_NOHSDP""}}"
237,F_MUNIT,"Flag - the percentage of households in multi-unit housing is in the 90th percentile (1 = yes, 0 = no)",9999,"{""geom_join_column"":{""type"":""select"",""value"":""FIPS""},""attr_start_date"":{""type"":""code"",""value"":""as.Date('2018-01-01')""},""attr_end_date"":{""type"":""code"",""value"":""as.Date('2018-12-31')""},""value_as_number"":{""type"":""select"",""value"":""F_MUNIT""},""attr_source_value"":{""type"":""hardcode"",""value"":""F_MUNIT""},""value_source_value"":{""type"":""select"",""value"":""F_MUNIT""}}"
238,F_MOBILE,"Flag - the percentage of mobile homes is in the 90th percentile (1 = yes, 0 = no)",9999,"{""geom_join_column"":{""type"":""select"",""value"":""FIPS""},""attr_start_date"":{""type"":""code"",""value"":""as.Date('2018-01-01')""},""attr_end_date"":{""type"":""code"",""value"":""as.Date('2018-12-31')""},""value_as_number"":{""type"":""select"",""value"":""F_MOBILE""},""attr_source_value"":{""type"":""hardcode"",""value"":""F_MOBILE""},""value_source_value"":{""type"":""select"",""value"":""F_MOBILE""}}"
239,F_CROWD,"Flag - the percentage of crowded households is in the 90th percentile (1 = yes, 0 = no)",9999,"{""geom_join_column"":{""type"":""select"",""value"":""FIPS""},""attr_start_date"":{""type"":""code"",""value"":""as.Date('2018-01-01')""},""attr_end_date"":{""type"":""code"",""value"":""as.Date('2018-12-31')""},""value_as_number"":{""type"":""select"",""value"":""F_CROWD""},""attr_source_value"":{""type"":""hardcode"",""value"":""F_CROWD""},""value_source_value"":{""type"":""select"",""value"":""F_CROWD""}}"
147,E_AGE65,"Persons aged 65 and older estimate, 2014-2018 ACS",9999,"{""geom_join_column"":{""type"":""select"",""value"":""FIPS""},""attr_start_date"":{""type"":""code"",""value"":""as.Date('2018-01-01')""},""attr_end_date"":{""type"":""code"",""value"":""as.Date('2018-12-31')""},""value_as_number"":{""type"":""select"",""value"":""E_AGE65""},""attr_source_value"":{""type"":""hardcode"",""value"":""E_AGE65""},""value_source_value"":{""type"":""select"",""value"":""E_AGE65""}}"
240,F_NOVEH,"Flag - the percentage of households with no vehicles is in the 90th percentile (1 = yes, 0 = no)",9999,"{""geom_join_column"":{""type"":""select"",""value"":""FIPS""},""attr_start_date"":{""type"":""code"",""value"":""as.Date('2018-01-01')""},""attr_end_date"":{""type"":""code"",""value"":""as.Date('2018-12-31')""},""value_as_number"":{""type"":""select"",""value"":""F_NOVEH""},""attr_source_value"":{""type"":""hardcode"",""value"":""F_NOVEH""},""value_source_value"":{""type"":""select"",""value"":""F_NOVEH""}}"
172,MP_UNEMP,Unemploymen t Rate estimate MOE,9999,"{""geom_join_column"":{""type"":""select"",""value"":""FIPS""},""attr_start_date"":{""type"":""code"",""value"":""as.Date('2018-01-01')""},""attr_end_date"":{""type"":""code"",""value"":""as.Date('2018-12-31')""},""value_as_number"":{""type"":""select"",""value"":""MP_UNEMP""},""attr_source_value"":{""type"":""hardcode"",""value"":""MP_UNEMP""},""value_source_value"":{""type"":""select"",""value"":""MP_UNEMP""}}"
173,EP_PCI,"Per capita income estimate, 2014-2018 ACS",9999,"{""geom_join_column"":{""type"":""select"",""value"":""FIPS""},""attr_start_date"":{""type"":""code"",""value"":""as.Date('2018-01-01')""},""attr_end_date"":{""type"":""code"",""value"":""as.Date('2018-12-31')""},""value_as_number"":{""type"":""select"",""value"":""EP_PCI""},""attr_source_value"":{""type"":""hardcode"",""value"":""EP_PCI""},""value_source_value"":{""type"":""select"",""value"":""EP_PCI""}}"
174,MP_PCI,"Per capita income estimate MOE, 2014-2018 ACS",9999,"{""geom_join_column"":{""type"":""select"",""value"":""FIPS""},""attr_start_date"":{""type"":""code"",""value"":""as.Date('2018-01-01')""},""attr_end_date"":{""type"":""code"",""value"":""as.Date('2018-12-31')""},""value_as_number"":{""type"":""select"",""value"":""MP_PCI""},""attr_source_value"":{""type"":""hardcode"",""value"":""MP_PCI""},""value_source_value"":{""type"":""select"",""value"":""MP_PCI""}}"
199,EPL_POV,Percentile Percentage of persons below poverty estimate,9999,"{""geom_join_column"":{""type"":""select"",""value"":""FIPS""},""attr_start_date"":{""type"":""code"",""value"":""as.Date('2018-01-01')""},""attr_end_date"":{""type"":""code"",""value"":""as.Date('2018-12-31')""},""value_as_number"":{""type"":""select"",""value"":""EPL_POV""},""attr_source_value"":{""type"":""hardcode"",""value"":""EPL_POV""},""value_source_value"":{""type"":""select"",""value"":""EPL_POV""}}"
215,EPL_MUNIT,Percentile percentage housing in structures with 10 or more units estimate,9999,"{""geom_join_column"":{""type"":""select"",""value"":""FIPS""},""attr_start_date"":{""type"":""code"",""value"":""as.Date('2018-01-01')""},""attr_end_date"":{""type"":""code"",""value"":""as.Date('2018-12-31')""},""value_as_number"":{""type"":""select"",""value"":""EPL_MUNIT""},""attr_source_value"":{""type"":""hardcode"",""value"":""EPL_MUNIT""},""value_source_value"":{""type"":""select"",""value"":""EPL_MUNIT""}}"
243,F_TOTAL,Sum of flags for the four themes,9999,"{""geom_join_column"":{""type"":""select"",""value"":""FIPS""},""attr_start_date"":{""type"":""code"",""value"":""as.Date('2018-01-01')""},""attr_end_date"":{""type"":""code"",""value"":""as.Date('2018-12-31')""},""value_as_number"":{""type"":""select"",""value"":""F_TOTAL""},""attr_source_value"":{""type"":""hardcode"",""value"":""F_TOTAL""},""value_source_value"":{""type"":""select"",""value"":""F_TOTAL""}}"
244,E_UNINSUR,"Adjunct variable - Uninsured in the total civilian noninstitutiona lized population estimate, 2014-2018 ACS",9999,"{""geom_join_column"":{""type"":""select"",""value"":""FIPS""},""attr_start_date"":{""type"":""code"",""value"":""as.Date('2018-01-01')""},""attr_end_date"":{""type"":""code"",""value"":""as.Date('2018-12-31')""},""value_as_number"":{""type"":""select"",""value"":""E_UNINSUR""},""attr_source_value"":{""type"":""hardcode"",""value"":""E_UNINSUR""},""value_source_value"":{""type"":""select"",""value"":""E_UNINSUR""}}"
245,M_UNINSUR,"Adjunct variable - Uninsured in the total civilian noninstitutiona lized population estimate MOE, 2014-2018 ACS",9999,"{""geom_join_column"":{""type"":""select"",""value"":""FIPS""},""attr_start_date"":{""type"":""code"",""value"":""as.Date('2018-01-01')""},""attr_end_date"":{""type"":""code"",""value"":""as.Date('2018-12-31')""},""value_as_number"":{""type"":""select"",""value"":""M_UNINSUR""},""attr_source_value"":{""type"":""hardcode"",""value"":""M_UNINSUR""},""value_source_value"":{""type"":""select"",""value"":""M_UNINSUR""}}"
246,EP_UNINSUR,"Adjunct variable - Percentage uninsured in the total civilian noninstitutiona lized population estimate, 2014-2018 ACS",9999,"{""geom_join_column"":{""type"":""select"",""value"":""FIPS""},""attr_start_date"":{""type"":""code"",""value"":""as.Date('2018-01-01')""},""attr_end_date"":{""type"":""code"",""value"":""as.Date('2018-12-31')""},""value_as_number"":{""type"":""select"",""value"":""EP_UNINSUR""},""attr_source_value"":{""type"":""hardcode"",""value"":""EP_UNINSUR""},""value_source_value"":{""type"":""select"",""value"":""EP_UNINSUR""}}"
247,MP_UNINSUR,"Adjunct variable - Percentage uninsured in the total civilian noninstitutiona lized population estimate MOE, 2014-2018 ACS",9999,"{""geom_join_column"":{""type"":""select"",""value"":""FIPS""},""attr_start_date"":{""type"":""code"",""value"":""as.Date('2018-01-01')""},""attr_end_date"":{""type"":""code"",""value"":""as.Date('2018-12-31')""},""value_as_number"":{""type"":""select"",""value"":""MP_UNINSUR""},""attr_source_value"":{""type"":""hardcode"",""value"":""MP_UNINSUR""},""value_source_value"":{""type"":""select"",""value"":""MP_UNINSUR""}}"
248,E_DAYPOP,"Adjunct variable - Estimated daytime population, LandScan 2018",9999,"{""geom_join_column"":{""type"":""select"",""value"":""FIPS""},""attr_start_date"":{""type"":""code"",""value"":""as.Date('2018-01-01')""},""attr_end_date"":{""type"":""code"",""value"":""as.Date('2018-12-31')""},""value_as_number"":{""type"":""select"",""value"":""E_DAYPOP""},""attr_source_value"":{""type"":""hardcode"",""value"":""E_DAYPOP""},""value_source_value"":{""type"":""select"",""value"":""E_DAYPOP""}}"
241,F_GROUPQ,"Flag - the percentage of persons in institutionalize d group quarters is in the 90th percentile (1 = yes, 0 = no)",9999,"{""geom_join_column"":{""type"":""select"",""value"":""FIPS""},""attr_start_date"":{""type"":""code"",""value"":""as.Date('2018-01-01')""},""attr_end_date"":{""type"":""code"",""value"":""as.Date('2018-12-31')""},""value_as_number"":{""type"":""select"",""value"":""F_GROUPQ""},""attr_source_value"":{""type"":""hardcode"",""value"":""F_GROUPQ""},""value_source_value"":{""type"":""select"",""value"":""F_GROUPQ""}}"
242,F_THEME4,Sum of flags for Housing Type/ Transportation theme,9999,"{""geom_join_column"":{""type"":""select"",""value"":""FIPS""},""attr_start_date"":{""type"":""code"",""value"":""as.Date('2018-01-01')""},""attr_end_date"":{""type"":""code"",""value"":""as.Date('2018-12-31')""},""value_as_number"":{""type"":""select"",""value"":""F_THEME4""},""attr_source_value"":{""type"":""hardcode"",""value"":""F_THEME4""},""value_source_value"":{""type"":""select"",""value"":""F_THEME4""}}"
140,M_POV,"Persons below poverty estimate MOE, 2014-2018 ACS",9999,"{""geom_join_column"":{""type"":""select"",""value"":""FIPS""},""attr_start_date"":{""type"":""code"",""value"":""as.Date('2018-01-01')""},""attr_end_date"":{""type"":""code"",""value"":""as.Date('2018-12-31')""},""value_as_number"":{""type"":""select"",""value"":""M_POV""},""attr_source_value"":{""type"":""hardcode"",""value"":""M_POV""},""value_source_value"":{""type"":""select"",""value"":""M_POV""}}"
141,E_UNEMP,"Civilian (age 16+) unemployed estimate, 2014-2018 ACS",9999,"{""geom_join_column"":{""type"":""select"",""value"":""FIPS""},""attr_start_date"":{""type"":""code"",""value"":""as.Date('2018-01-01')""},""attr_end_date"":{""type"":""code"",""value"":""as.Date('2018-12-31')""},""value_as_number"":{""type"":""select"",""value"":""E_UNEMP""},""attr_source_value"":{""type"":""hardcode"",""value"":""E_UNEMP""},""value_source_value"":{""type"":""select"",""value"":""E_UNEMP""}}"
142,M_UNEMP,"Civilian (age 16+) unemployed estimate MOE, 2014-2018 ACS",9999,"{""geom_join_column"":{""type"":""select"",""value"":""FIPS""},""attr_start_date"":{""type"":""code"",""value"":""as.Date('2018-01-01')""},""attr_end_date"":{""type"":""code"",""value"":""as.Date('2018-12-31')""},""value_as_number"":{""type"":""select"",""value"":""M_UNEMP""},""attr_source_value"":{""type"":""hardcode"",""value"":""M_UNEMP""},""value_source_value"":{""type"":""select"",""value"":""M_UNEMP""}}"
138,M_HH,"Households estimate MOE, 2014-2018 ACS",9999,"{""geom_join_column"":{""type"":""select"",""value"":""FIPS""},""attr_start_date"":{""type"":""code"",""value"":""as.Date('2018-01-01')""},""attr_end_date"":{""type"":""code"",""value"":""as.Date('2018-12-31')""},""value_as_number"":{""type"":""select"",""value"":""M_HH""},""attr_source_value"":{""type"":""hardcode"",""value"":""M_HH""},""value_source_value"":{""type"":""select"",""value"":""M_HH""}}"
191,EP_MOBILE,Percentage of mobile homes estimate,9999,"{""geom_join_column"":{""type"":""select"",""value"":""FIPS""},""attr_start_date"":{""type"":""code"",""value"":""as.Date('2018-01-01')""},""attr_end_date"":{""type"":""code"",""value"":""as.Date('2018-12-31')""},""value_as_number"":{""type"":""select"",""value"":""EP_MOBILE""},""attr_source_value"":{""type"":""hardcode"",""value"":""EP_MOBILE""},""value_source_value"":{""type"":""select"",""value"":""EP_MOBILE""}}"
